{
  "examples": {
    "cat_026_shelf_v00.jpg": {
      "x1": 0.338593,
      "y1": 0.368226,
      "x2": 0.67647,
      "y2": 0.673645
    },
    "cat_057_shelf_v00.jpg": {
      "x1": 0.304597,
      "y1": 0.128079,
      "x2": 0.585765,
      "y2": 0.674877
    },
    "cat_069_shelf_v00.jpg": {
      "x1": 0.286033,
      "y1": 0.209359,
      "x2": 0.731797,
      "y2": 0.710591
    },
    "cat_076_shelf_v00.jpg": {
      "x1": 0.219577,
      "y1": 0.187192,
      "x2": 0.773369,
      "y2": 0.767242
    },
    "cat_079_shelf_v00.jpg": {
      "x1": 0.21689,
      "y1": 0.194581,
      "x2": 0.783111,
      "y2": 0.767241
    },
    "cat_081_shelf_v00.jpg": {
      "x1": 0.320731,
      "y1": 0.264778,
      "x2": 0.705998,
      "y2": 0.682266
    },
    "cat_091_shelf_v00.jpg": {
      "x1": 0.1703,
      "y1": 0.369458,
      "x2": 0.859673,
      "y2": 0.51601
    },
    "cat_094_shelf_v00.jpg": {
      "x1": 0.283984,
      "y1": 0.299262,
      "x2": 0.725325,
      "y2": 0.729065
    },
    "cat_107_shelf_v00.jpg": {
      "x1": 0.26239,
      "y1": 0.336207,
      "x2": 0.73761,
      "y2": 0.71798
    }
  },
  "source_dir": "/Volumes/devdrive/github_dev/nmiai-worktree-cv/agent-cv/label_test/images"
}