{"regime": "growth", "survival_rate": 0.08333333333333333, "growth_rate": 0.5833333333333334, "init_settlements": 39, "survived": 1, "new_settlements": 7}